{
  "kappa": 0.2,
  "ticks": 2000,
  "grid": [
    60,
    20
  ],
  "window": 80,
  "roi": {
    "w": 10,
    "h": 6
  },
  "roi_probe": {
    "Lambda_roi_mean": 0.9887630671985648,
    "Lambda_bg_mean": 0.9869961290226873,
    "Delta_Lambda_roi_minus_bg": 0.001766938175877475,
    "chi_roi_mean": 0.9035049796793259,
    "chi_bg_mean": 0.8750519511588578,
    "Delta_chi_roi_minus_bg": 0.02845302852046805
  },
  "coupling": {
    "metric": "abs(corr(chi, Lambda))",
    "roi_only": {
      "r_obs": 0.5298012518778383,
      "p_perm_two_sided": 0.002997002997002997,
      "n_perm": 1000
    },
    "global": {
      "r_obs": 0.611909851736679,
      "p_perm_two_sided": 0.000999000999000999,
      "n_perm": 1000
    }
  },
  "field_summary": {
    "Lambda_min": 0.7667239551372865,
    "Lambda_max": 1.0,
    "Lambda_mean": 0.9870844759314813,
    "Lambda_std": 0.03317396282397585,
    "chi_min": 0.0,
    "chi_max": 0.9874210063194945,
    "chi_mean": 0.8764746025848812,
    "chi_std": 0.2817276070502883
  }
}