{
  "kappa": 0.15,
  "ticks": 2000,
  "grid": [
    60,
    20
  ],
  "window": 80,
  "roi": {
    "w": 10,
    "h": 6
  },
  "roi_probe": {
    "Lambda_roi_mean": 0.8802900350447065,
    "Lambda_bg_mean": 0.8790151797967456,
    "Delta_Lambda_roi_minus_bg": 0.0012748552479608932,
    "chi_roi_mean": 0.9035049796793259,
    "chi_bg_mean": 0.8750519511588578,
    "Delta_chi_roi_minus_bg": 0.02845302852046805
  },
  "coupling": {
    "metric": "abs(corr(chi, Lambda))",
    "roi_only": {
      "r_obs": 0.5157412164452696,
      "p_perm_two_sided": 0.002997002997002997,
      "n_perm": 1000
    },
    "global": {
      "r_obs": 0.4900192572092137,
      "p_perm_two_sided": 0.000999000999000999,
      "n_perm": 1000
    }
  },
  "field_summary": {
    "Lambda_min": 0.6774582581575145,
    "Lambda_max": 0.9288578172985661,
    "Lambda_mean": 0.8790789225591438,
    "Lambda_std": 0.03713460641696872,
    "chi_min": 0.0,
    "chi_max": 0.9874210063194945,
    "chi_mean": 0.8764746025848812,
    "chi_std": 0.2817276070502883
  }
}