{
  "kappa": 0.2,
  "ticks": 2000,
  "grid": [
    60,
    20
  ],
  "window": 80,
  "roi": {
    "w": 10,
    "h": 6
  },
  "roi_probe": {
    "Lambda_roi_mean": 0.9664100305379411,
    "Lambda_bg_mean": 0.5923749040148386,
    "Delta_Lambda_roi_minus_bg": 0.37403512652310245,
    "chi_roi_mean": 0.8147871631756658,
    "chi_bg_mean": 0.40188046342685596,
    "Delta_chi_roi_minus_bg": 0.41290669974880984
  },
  "coupling": {
    "metric": "abs(corr(chi, Lambda))",
    "roi_only": {
      "r_obs": 0.15632119203315156,
      "p_perm_two_sided": 0.2057942057942058,
      "n_perm": 1000
    },
    "global": {
      "r_obs": 0.4851261630901144,
      "p_perm_two_sided": 0.000999000999000999,
      "n_perm": 1000
    }
  },
  "field_summary": {
    "Lambda_min": 0.35396589172548715,
    "Lambda_max": 1.0,
    "Lambda_mean": 0.6110766603409937,
    "Lambda_std": 0.1327249177617048,
    "chi_min": 0.0,
    "chi_max": 0.9874210063194945,
    "chi_mean": 0.4225257984142965,
    "chi_std": 0.47965514164856476
  }
}